{"pose":{"trans":[[-306.044,-447.169,316.203],[-299.529,-510.277,437.39],[-191.02,3.28832,22.5401],[-291.419,-77.0495,71.2762],[-334.56,-194.157,129.344],[-309.024,-318.429,181.594],[-220.056,-417.088,213.217],[-201.272,-496.938,305.637],[-270.978,-442.294,276.695],[-315.961,-371.996,233.091],[-328.835,-294.39,179.3],[-308.961,-219.385,123.151],[-258.497,-156.493,71.838],[-187.18,-232.097,69.7912],[-246.046,-259.624,107.331],[-289.941,-298.342,154.683],[-315.215,-345.334,208.194],[-321.256,-396.324,263.654],[-271.044,-494.295,361.453],[-219.292,-534.556,396.976],[-174.149,-584.541,523.429],[-225.325,-561.382,493.822],[-266.547,-533.19,454.406],[-295.083,-501.735,407.882],[-309.358,-468.705,356.303],[-308.866,-434.898,301.313],[-294.21,-402.82,247.354],[-264.525,-374.746,197.826],[-222.458,-352.134,155.156],[-171.901,-431.626,204.397],[-217.69,-441.54,238.638],[-254.736,-455.064,281.107],[-281.532,-471.613,329.907],[-296.549,-490.314,382.793],[-290.07,-530.293,490.255],[-268.918,-549.69,539.553],[-236.771,-567.94,583.523],[-195.245,-584.044,619.986],[-143.534,-579.42,759.831],[-188.129,-572.947,730.503],[-225.915,-566.014,692.669],[-255.306,-558.079,648.082],[-276.229,-549.583,598.23],[-285.581,-541.214,545.452],[-283.783,-533.012,491.404],[-271.186,-525.226,438.564],[-248.757,-518.283,388.963],[-215.809,-512.603,345.155],[-174.812,-508.359,308.732],[-246.577,-381.544,459.042],[-272.06,-413.645,514.129],[-280.564,-449.116,572.694],[-272.105,-485.147,629.679],[-246.38,-519.985,681.939],[-228.245,-553.75,804.539],[-253.409,-533.809,753.424],[-266.185,-513.312,697.537],[-265.424,-492.645,639.263],[-250.419,-473.389,582.35],[-223.309,-523.243,658.552],[-243.239,-529.754,712.811],[-252.653,-536.937,770.196],[-249.134,-544.825,827.475],[-233.284,-551.994,882.877]],"rot":[[[0.0354862,-0.882402,0.469155],[0.596775,0.395271,0.698299],[-0.801624,0.2552,0.540622]],[[0.323759,-0.838178,0.438906],[0.205883,0.515187,0.831982],[-0.923468,-0.178998,0.339363]],[[0.970263,0.00747983,0.241939],[-0.0147429,0.999493,0.0282234],[-0.241605,-0.030951,0.969881]],[[0.802256,-0.439347,0.404178],[0.427993,0.895282,0.123659],[-0.416183,0.073779,0.906283]],[[0.423494,-0.76086,0.491676],[0.749176,0.599292,0.282107],[-0.509301,0.248881,0.823815]],[[-0.0692899,-0.873705,0.481496],[0.865944,0.186968,0.463879],[-0.495318,0.449091,0.743625]],[[-0.546287,-0.748747,0.375431],[0.748136,-0.234625,0.62068],[-0.376647,0.619943,0.688337]],[[-0.595105,-0.724432,0.34792],[0.631127,-0.153269,0.760386],[-0.497523,0.672091,0.54842]],[[-0.285236,-0.853411,0.436268],[0.734683,0.0976421,0.671347],[-0.615533,0.512011,0.599136]],[[0.0604034,-0.87269,0.484524],[0.740743,0.364556,0.564268],[-0.669067,0.324824,0.66846]],[[0.399388,-0.778177,0.484696],[0.647539,0.613705,0.45173],[-0.648986,0.133444,0.749006]],[[0.685912,-0.58166,0.437261],[0.466624,0.812662,0.349059],[-0.558379,-0.035388,0.828831]],[[0.885052,-0.307962,0.34906],[0.220575,0.937798,0.268109],[-0.409915,-0.160296,0.897928]],[[0.971019,-0.0434896,0.235013],[-0.0586078,0.909956,0.410542],[-0.231706,-0.412418,0.881036]],[[0.897991,-0.293325,0.327984],[0.128808,0.887978,0.441479],[-0.420739,-0.354197,0.835179]],[[0.754619,-0.517724,0.403127],[0.29984,0.818552,0.489968],[-0.583649,-0.248866,0.77293]],[[0.552362,-0.699411,0.453564],[0.441148,0.706922,0.552856],[-0.707308,-0.105288,0.699021]],[[0.306799,-0.82414,0.476096],[0.542141,0.562458,0.624278],[-0.782277,0.066583,0.619362]],[[-0.237868,-0.869972,0.431935],[0.599803,0.218212,0.769818],[-0.763974,0.442191,0.469906]],[[-0.493863,-0.787644,0.368397],[0.549911,0.0452743,0.833995],[-0.67357,0.614465,0.410775]],[[-0.623237,-0.719898,0.305486],[0.360876,0.0818053,0.929019],[-0.69379,0.689242,0.20881]],[[-0.423489,-0.825912,0.372193],[0.412636,0.189891,0.890883],[-0.806467,0.530859,0.260384]],[[-0.200239,-0.884322,0.421757],[0.435843,0.305135,0.846719],[-0.877465,0.353366,0.324326]],[[0.0333426,-0.891497,0.451799],[0.428953,0.421062,0.799191],[-0.902711,0.167153,0.396449]],[[0.264733,-0.847168,0.460677],[0.392519,0.531021,0.750963],[-0.880821,-0.01798,0.473108]],[[0.481513,-0.753669,0.447357],[0.331135,0.629034,0.703325],[-0.811477,-0.190525,0.552454]],[[0.671673,-0.615308,0.412615],[0.24538,0.710283,0.659762],[-0.699031,-0.341897,0.628062]],[[0.822029,-0.441841,0.359229],[0.14084,0.768992,0.623551],[-0.551754,-0.461983,0.694362]],[[0.926024,-0.241782,0.289862],[0.0229714,0.802595,0.596082],[-0.376764,-0.545328,0.748777]],[[0.974028,-0.0871273,0.208995],[-0.0960942,0.676703,0.729958],[-0.205027,-0.731082,0.650755]],[[0.918017,-0.280009,0.280783],[-0.0219038,0.671193,0.740959],[-0.395935,-0.686363,0.610034]],[[0.819588,-0.459349,0.342453],[0.0484726,0.651146,0.757403],[-0.570899,-0.604159,0.555937]],[[0.683226,-0.616783,0.390871],[0.111884,0.617393,0.778658],[-0.721584,-0.488267,0.490827]],[[0.515469,-0.744911,0.423556],[0.164999,0.571316,0.803973],[-0.840873,-0.344537,0.417405]],[[0.117155,-0.892023,0.436544],[0.234138,0.451989,0.860747],[-0.965119,0.00137,0.261809]],[[-0.0956172,-0.903896,0.416929],[0.247582,0.38409,0.889482],[-0.964137,0.188274,0.187063]],[[-0.304163,-0.87333,0.380498],[0.244298,0.314555,0.917264],[-0.920762,0.371953,0.117677]],[[-0.498977,-0.801836,0.328757],[0.225006,0.246479,0.942667],[-0.836896,0.544341,0.057431]],[[-0.636298,-0.727666,0.25618],[0.0315712,0.307237,0.951109],[-0.770797,0.613276,-0.172521]],[[-0.469654,-0.824722,0.315055],[0.0429158,0.335112,0.9412],[-0.881807,0.455559,-0.121993]],[[-0.283876,-0.887829,0.36218],[0.0485155,0.363936,0.93016],[-0.957633,0.281621,-0.060239]],[[-0.0862075,-0.914302,0.395752],[0.0474564,0.393011,0.918308],[-0.995146,0.097946,0.009509]],[[0.116326,-0.902577,0.414515],[0.0398157,0.42125,0.90607],[-0.992413,-0.088895,0.084939]],[[0.311619,-0.853452,0.417749],[0.0270351,0.447425,0.893913],[-0.949823,-0.267266,0.162499]],[[0.494519,-0.769118,0.404855],[0.0093168,0.470461,0.882371],[-0.869117,-0.432578,0.239818]],[[0.657053,-0.653052,0.37657],[-0.012964,0.48967,0.871811],[-0.753733,-0.577708,0.313273]],[[0.793904,-0.508312,0.333669],[-0.0396616,0.504299,0.862618],[-0.606748,-0.69807,0.380205]],[[0.896687,-0.343994,0.278606],[-0.0689317,0.513197,0.855498],[-0.437266,-0.786318,0.436465]],[[0.962956,-0.165149,0.213172],[-0.0997157,0.516409,0.850517],[-0.250546,-0.840266,0.480811]],[[0.768794,-0.512801,0.382089],[0.183457,0.749224,0.636402],[-0.612617,-0.419165,0.670075]],[[0.589137,-0.683849,0.430427],[0.287984,0.675405,0.678891],[-0.754972,-0.276004,0.594844]],[[0.37035,-0.809131,0.456232],[0.367467,0.57871,0.728054],[-0.853117,-0.101985,0.511654]],[[0.126794,-0.880314,0.457133],[0.419456,0.465205,0.779513],[-0.898877,0.09291,0.428238]],[[-0.124466,-0.892734,0.433053],[0.437995,0.342189,0.831305],[-0.890319,0.293144,0.348422]],[[-0.163071,-0.899433,0.405497],[0.235324,0.363678,0.901311],[-0.958139,0.242401,0.152353]],[[0.062857,-0.899814,0.431722],[0.225665,0.434188,0.872098],[-0.972175,0.042607,0.230348]],[[0.285804,-0.852293,0.438079],[0.19933,0.500022,0.84276],[-0.937328,-0.153542,0.312796]],[[0.492711,-0.759247,0.425182],[0.159257,0.55903,0.813709],[-0.855496,-0.33321,0.396355]],[[0.674115,-0.625928,0.392152],[0.105779,0.607259,0.787431],[-0.731013,-0.489337,0.475572]],[[0.762367,-0.549187,0.342332],[-0.0477806,0.479776,0.876089],[-0.645379,-0.684258,0.339525]],[[0.607095,-0.695851,0.383703],[-0.0248368,0.466017,0.884427],[-0.794241,-0.546461,0.265634]],[[0.424945,-0.808108,0.4079],[-0.00629484,0.447961,0.894031],[-0.905197,-0.382482,0.185272]],[[0.223247,-0.882488,0.413975],[0.00829895,0.426398,0.904497],[-0.974726,-0.198491,0.102516]],[[0.0101852,-0.915292,0.402663],[0.0174606,0.402786,0.915128],[-0.999796,-0.00229,0.020084]]]}}